set	query	duck_t1_s	duck_t8_s
mimic	apsiii	0.0914	0.0494
mimic	first_day_sofa	0.0732	0.0350
mimic	kdigo_stages	0.0613	0.0306
mimic	lods	0.0739	0.0349
mimic	meld	0.0329	0.0144
mimic	oasis	0.0492	0.0257
mimic	sapsii	0.0758	0.0370
mimic	sepsis3	0.2023	0.0782
mimic	sirs	0.0438	0.0191
mimic	sofa	0.1656	0.0685
ohdsi	c1106	0.1026	0.0842
ohdsi	c255	0.0596	0.0515
ohdsi	c27	0.0222	0.0219
ohdsi	c29	0.0433	0.0404
ohdsi	c862	0.0756	0.0631
tuva	medical_claim_line_flags	17.1289	6.4206
tuva	provider_ranking	0.8020	0.7995
