set	query	status	prela_s	rows
mimic	apsiii	ok	0.0381	140
mimic	first_day_sofa	ok	0.0374	140
mimic	kdigo_stages	ok	0.0261	8729
mimic	lods	ok	0.0393	140
mimic	meld	ok	0.0174	140
mimic	oasis	ok	0.0238	140
mimic	sapsii	ok	0.0360	140
mimic	sepsis3	ok	0.4559	62
mimic	sirs	ok	0.0251	140
mimic	sofa	ok	0.0800	12255
ohdsi	c1106	ok	0.0192	93
ohdsi	c255	ok	0.0094	107
ohdsi	c27	ok	0.0047	101
ohdsi	c29	ok	0.0105	427
ohdsi	c862	ok	0.0085	136
tuva	medical_claim_line_flags	ok	0.0131	2075
tuva	provider_ranking	ok	0.0407	1757
