24609	ok	1.6035	10
12360	ok	7.0497	100
10255	ok	0.1731	100
10448	ok	0.1843	100
11971	ok	0.1636	100
13965	ok	10.5458	100
10962	ok	14.5387	100
11434	ok	22.0858	100
13192	ok	13.5444	100
12821	ok	12.0949	100
13603	ok	16.5308	100
12149	ok	16.5655	100
12904	ok	33.8223	100
13740	ok	25.1275	100
10217	ok	0.1526	10
12402	ok	0.1796	100
10179	ok	13.2515	100
10246	ok	0.5967	100
10437	ok	0.4505	0
10490	ok	0.5844	0
10496	ok	15.4245	10
10566	ok	0.3272	100
10969	ok	5.6376	100
11225	ok	0.6376	22698
11724	ok	5.7406	100
11909	ok	0.6525	267193
12081	ok	0.6596	100
12292	ok	11.6713	100
12323	ok	5.5814	100
12350	ok	4.7226	100
12506	ok	8.1922	100
12659	ok	0.7790	100
12826	ok	0.5657	267193
12969	ok	0.2711	4
13861	ok	0.7244	100
14416	ok	0.1552	267193
14515	ok	5.1807	267193
6131	ok	0.1199	50
10025	ok	6.3396	100
13030	ok	9.0005	100
9151	ok	22.6665	10
7510	ok	6.8668	50
7479	ok	0.1708	426
9133	ok	7.5825	10
6314	ok	7.1748	10
9972	ok	5.7874	50
8635	ok	5.5078	0
26341	ok	13.2112	16479
25885	ok	0.1142	10
29933	ok	0.1027	10
2145	ok	0.3339	36650
8009	ok	0.3347	0
