id	crate	prela_s	duck8_s	duck1_s	ratio1
29933	c83	10.21	0.032	0.103	99.4
13861	c45	5.57	0.523	0.724	7.7
25885	c77	0.80	0.070	0.114	7.0
10437	c34	2.77	0.413	0.451	6.1
10246	c34	3.02	0.523	0.597	5.1
12826	c42	2.80	0.481	0.566	5.0
12081	c39	3.19	0.390	0.660	4.8
10490	c34	2.77	0.414	0.584	4.7
6131	c50	0.56	0.066	0.120	4.7
11909	c39	2.93	0.540	0.652	4.5
11225	c37	2.80	0.484	0.638	4.4
12659	c41	3.27	0.471	0.779	4.2
14416	c46	0.58	0.115	0.155	3.7
12402	c33	0.67	0.083	0.180	3.7
14515	c47	19.19	1.933	5.181	3.7
12821	c29	44.12	4.407	12.095	3.6
10217	c32	0.54	0.076	0.153	3.6
8635	c61	18.76	1.678	5.508	3.4
12323	c40	18.87	1.854	5.581	3.4
9972	c61	19.38	1.650	5.787	3.3
10179	c33	44.37	4.187	13.252	3.3
10969	c36	18.83	1.863	5.638	3.3
11724	c38	18.85	2.005	5.741	3.3
11971	c27	0.54	0.088	0.164	3.3
10962	c28	44.68	6.934	14.539	3.1
7479	c59	0.51	0.056	0.171	3.0
10255	c27	0.51	0.097	0.173	2.9
10025	c57	18.58	2.189	6.340	2.9
10496	c34	44.57	4.937	15.425	2.9
2145	c91	0.94	0.158	0.334	2.8
10448	c27	0.51	0.089	0.184	2.7
7510	c59	18.16	2.351	6.867	2.6
8009	c99	0.89	0.117	0.335	2.6
12149	c31	43.76	6.107	16.566	2.6
13603	c31	43.62	6.292	16.531	2.6
6314	c60	18.55	2.355	7.175	2.6
10566	c35	0.83	0.113	0.327	2.5
12969	c42	0.68	0.115	0.271	2.5
9133	c59	18.55	2.669	7.582	2.4
12506	c40	19.22	2.640	8.192	2.3
24609	c102	3.43	0.495	1.603	2.1
13030	c57	18.75	3.900	9.001	2.1
11434	c28	45.56	12.086	22.086	2.1
9151	c57	42.82	9.566	22.666	1.9
13740	c32	45.44	8.177	25.128	1.8
12350	c40	8.41	3.986	4.723	1.8
13965	c27	18.21	4.520	10.546	1.7
12904	c32	44.02	11.954	33.822	1.3
12292	c40	14.14	3.769	11.671	1.2
12360	c22	6.92	3.100	7.050	1.0
13192	c29	12.49	6.048	13.544	0.9
26341	c68	9.53	2.469	13.211	0.7
